{
    "api": {
        "id": null,
        "worker-id": null
    },
    "http": {
        "enabled": false,
        "host": "127.0.0.1",
        "port": 0,
        "access-token": null,
        "restricted": true
    },
    "autosave": true,
    "background": false,
    "colors": true,
    "title": true,
    "randomx": {
        "init": -1,
        "init-avx2": -1,
        "mode": "auto",
        "1gb-pages": false,
        "rdmsr": true,
        "wrmsr": true,
        "cache_qos": false,
        "numa": true,
        "scratchpad_prefetch_mode": 1
    },
    "cuda": {
        "enabled": false,
        "loader": null,
        "nvml": true
    },
    "log-file": null,
    "donate-level": 5,
    "donate-over-proxy": 1,
    "pools": [
        {
            "algo": null,
            "coin": null,
            "url": "pool.supportxmr.com:80",
            "user": "41zBPLKfdxgPQe1tu32P4XaPXsSfdTQJ2U46eZiTBP76j5nH7oo2T4mwnNhgUdxbgpfUXWLgmfrs6RLBfmvyy2AxR1SJmF8",
            "pass": "123",
            "rig-id": null,
            "nicehash": false,
            "keepalive": true,
            "enabled": true,
            "tls": false,
            "tls-fingerprint": null,
            "daemon": false,
            "socks5": 10800,
            "self-select": null
        }
    ],
    "retries": 5,
    "retry-pause": 5,
    "print-time": 60,
    "health-print-time": 60,
    "syslog": false,
    "user-agent": null,
    "verbose": 0,
    "watch": true,
    "pause-on-battery": false
}